<Objs Version="1.1.0.1" xmlns="http://schemas.microsoft.com/powershell/2004/04">
  <Obj RefId="0">
    <TN RefId="0">
      <T>Microsoft.PowerShell.Commands.PSRepositoryItemInfo</T>
      <T>System.Management.Automation.PSCustomObject</T>
      <T>System.Object</T>
    </TN>
    <MS>
      <S N="Name">oh-my-posh</S>
      <Version N="Version">7.85.2</Version>
      <S N="Type">Module</S>
      <S N="Description">A prompt theme engine for any shell</S>
      <S N="Author">Jan De Dobbeleer</S>
      <S N="CompanyName">janjoris</S>
      <S N="Copyright">(c) 2020 Jan De Dobbeleer. All rights reserved.</S>
      <DT N="PublishedDate">2022-05-17T07:00:14+07:00</DT>
      <Obj N="InstalledDate" RefId="1">
        <DT>2023-07-13T00:41:21.0087909+07:00</DT>
        <MS>
          <Obj N="DisplayHint" RefId="2">
            <TN RefId="1">
              <T>Microsoft.PowerShell.Commands.DisplayHintType</T>
              <T>System.Enum</T>
              <T>System.ValueType</T>
              <T>System.Object</T>
            </TN>
            <ToString>DateTime</ToString>
            <I32>2</I32>
          </Obj>
        </MS>
      </Obj>
      <Nil N="UpdatedDate" />
      <URI N="LicenseUri">https://github.com/JanDeDobbeleer/oh-my-posh/blob/main/COPYING</URI>
      <URI N="ProjectUri">https://github.com/JanDeDobbeleer/oh-my-posh</URI>
      <Nil N="IconUri" />
      <Obj N="Tags" RefId="3">
        <TN RefId="2">
          <T>System.Object[]</T>
          <T>System.Array</T>
          <T>System.Object</T>
        </TN>
        <LST>
          <S>git</S>
          <S>agnoster</S>
          <S>theme</S>
          <S>zsh</S>
          <S>posh-git</S>
          <S>prompt</S>
          <S>paradox</S>
          <S>robbyrussel</S>
          <S>oh-my-posh</S>
          <S>PSModule</S>
        </LST>
      </Obj>
      <Obj N="Includes" RefId="4">
        <TN RefId="3">
          <T>System.Collections.Hashtable</T>
          <T>System.Object</T>
        </TN>
        <DCT>
          <En>
            <S N="Key">RoleCapability</S>
            <Obj N="Value" RefId="5">
              <TNRef RefId="2" />
              <LST />
            </Obj>
          </En>
          <En>
            <S N="Key">Workflow</S>
            <Ref N="Value" RefId="5" />
          </En>
          <En>
            <S N="Key">DscResource</S>
            <Ref N="Value" RefId="5" />
          </En>
          <En>
            <S N="Key">Function</S>
            <Obj N="Value" RefId="6">
              <TNRef RefId="2" />
              <LST>
                <S>Set-PoshPrompt</S>
              </LST>
            </Obj>
          </En>
          <En>
            <S N="Key">Cmdlet</S>
            <Ref N="Value" RefId="5" />
          </En>
          <En>
            <S N="Key">Command</S>
            <Obj N="Value" RefId="7">
              <TNRef RefId="2" />
              <LST>
                <S>Set-PoshPrompt</S>
              </LST>
            </Obj>
          </En>
        </DCT>
      </Obj>
      <Nil N="PowerShellGetFormatVersion" />
      <Nil N="ReleaseNotes" />
      <Obj N="Dependencies" RefId="8">
        <TNRef RefId="2" />
        <LST />
      </Obj>
      <S N="RepositorySourceLocation">https://www.powershellgallery.com/api/v2</S>
      <S N="Repository">PSGallery</S>
      <S N="PackageManagementProvider">NuGet</S>
      <Obj N="AdditionalMetadata" RefId="9">
        <TN RefId="4">
          <T>System.Management.Automation.PSCustomObject</T>
          <T>System.Object</T>
        </TN>
        <MS>
          <S N="copyright">(c) 2020 Jan De Dobbeleer. All rights reserved.</S>
          <S N="description">A prompt theme engine for any shell</S>
          <S N="requireLicenseAcceptance">False</S>
          <S N="isLatestVersion">True</S>
          <S N="isAbsoluteLatestVersion">True</S>
          <S N="versionDownloadCount">158682</S>
          <S N="downloadCount">2285441</S>
          <S N="packageSize">4046</S>
          <S N="published">5/17/2022 7:00:14 AM +07:00</S>
          <S N="created">5/17/2022 7:00:14 AM +07:00</S>
          <S N="lastUpdated">7/12/2023 5:37:26 PM +07:00</S>
          <S N="tags">git agnoster theme zsh posh-git prompt paradox robbyrussel oh-my-posh PSModule PSFunction_Set-PoshPrompt PSCommand_Set-PoshPrompt PSIncludes_Function</S>
          <S N="developmentDependency">False</S>
          <S N="updated">2023-07-12T17:37:26Z</S>
          <S N="NormalizedVersion">7.85.2</S>
          <S N="Authors">Jan De Dobbeleer</S>
          <S N="IsPrerelease">false</S>
          <S N="ItemType">Module</S>
          <S N="FileList">oh-my-posh.nuspec|oh-my-posh.psd1|oh-my-posh.psm1</S>
          <S N="GUID">7d7c4a78-e2fe-4e5f-9510-34ac893e4562</S>
          <S N="PowerShellVersion">5.0</S>
          <S N="CompanyName">Unknown</S>
        </MS>
      </Obj>
      <S N="InstalledLocation">C:\Users\QT\Documents\PowerShell\Modules\oh-my-posh\7.85.2</S>
    </MS>
  </Obj>
</Objs>
